{"_id":{"$oid":"5bc276cd004e3a0f231f919c"},"server_id":"476475974498779157","roles":{"New_Players":{"level":"1","remove_role":null},"Moderate_Players":{"level":"15","remove_role":"New_Players"},"Veteran_Players":{"level":"50","remove_role":"Moderate_Players"}}}
{"_id":{"$oid":"5bbba817bb7e12388077e24c"},"server_id":"330432627649544202","roles":{"Member (Lvl 3-9)":{"level":"3","remove_role":"Guest (Lvl 0-2)"},"Class-D Personnel (Lvl 10-19)":{"level":"10","remove_role":"Member (Lvl 3-9)"},"Chaos Insurgency (Lvl 20-29)":{"level":"20","remove_role":"Class-D Personnel (Lvl 10-19)"},"Safe SCP (Lvl 30-39)":{"level":"30","remove_role":"Chaos Insurgency (Lvl 20-29)"},"Euclid SCP (Lvl 40-49)":{"level":"40","remove_role":"Safe SCP (Lvl 30-39)"},"Keter SCP (Lvl 50-74)":{"level":"50","remove_role":"Euclid SCP (Lvl 40-49)"},"Apollyon SCP (Lvl 75-99)":{"level":"75","remove_role":"Keter SCP (Lvl 50-74)"},"[REDACTED] (Lvl 100+)":{"level":"100","remove_role":"Apollyon SCP (Lvl 75-99)"},"Contained (Muted)":{"level":"500","remove_role":null}}}
{"_id":{"$oid":"5bce0bd0004e3a0f231f9981"},"server_id":"500771283974225930","roles":{"VIPs":{"level":"10","remove_role":null}}}
{"_id":{"$oid":"5bc6b796004e3a0f231f9576"},"server_id":"483080982937862144","roles":{"Janitor":{"level":"5","remove_role":"Class-D"},"Facility Guard":{"level":"10","remove_role":"Janitor"},"Zone Manager":{"level":"15","remove_role":"Facility Guard"},"Scientist":{"level":"20","remove_role":"Zone Manager"},"Major Scientist":{"level":"25","remove_role":"Scientist"},"Chaos Insurgency":{"level":"30","remove_role":"Major Scientist"},"MTF Cadet":{"level":"35","remove_role":"Chaos Insurgency"},"MTF Lieutenant":{"level":"40","remove_role":"MTF Cadet"},"MTF Commander":{"level":"45","remove_role":"MTF Lieutenant"},"Containment Engineer":{"level":"50","remove_role":"MTF Commander"},"Facility Manager":{"level":"55","remove_role":"Containment Engineer"}}}
{"_id":{"$oid":"5bcfd0b6004e3a0f231f9a91"},"server_id":"492883418682753039","roles":{"Cthulite":{"level":"10","remove_role":null}}}
{"_id":{"$oid":"5bda0bc5f75ecc4b753d6133"},"guild_id":"451599029499985920","roles":{"Loyal Peanut Boi - Most Active/Supportive":{"level":"35","remove_role":null},"Scientist - Active":{"level":"10","remove_role":null},"Janitor - Slightly Active":{"level":"5","remove_role":null},"Chaos Insurgency":{"level":"15","remove_role":null},"MTF Alpha-1":{"level":"20","remove_role":null}}}
{"_id":{"$oid":"5bd0a5ee004e3a0f231f9ac6"},"server_id":"393853225192914944","roles":{"Level 1 {Noob}":{"level":"5","remove_role":null},"Level 2 {Pro-ish}":{"level":"10","remove_role":null},"Level 3 {Pro}":{"level":"15","remove_role":null},"Level 10 {woah}":{"level":"20","remove_role":null}}}
{"_id":{"$oid":"5bdcf813004e3a14d76563f5"},"guild_id":"508024474365591582","roles":{"[Activo]SCPJugador":{"level":"10","remove_role":"SCPJugador"}}}
{"_id":{"$oid":"5bda4155f75ecc4b753d6232"},"guild_id":"483080982937862144","roles":{"Janitor":{"level":"5","remove_role":"Class-D"},"Facility Guard":{"level":"10","remove_role":"Janitor"},"Zone Manager":{"level":"15","remove_role":"Facility Guard"},"Scientist":{"level":"20","remove_role":"Zone Manager"},"Major Scientist":{"level":"25","remove_role":"Scientist"},"Chaos Insurgency":{"level":"30","remove_role":"Major Scientist"},"MTF Cadet":{"level":"35","remove_role":"Chaos Insurgency"},"MTF Lieutenant":{"level":"40","remove_role":"MTF Cadet"},"MTF Commander":{"level":"45","remove_role":"MTF Lieutenant"},"Containment Engineer":{"level":"50","remove_role":"MTF Commander"},"Facility Manager":{"level":"55","remove_role":"Containment Engineer"}}}
{"_id":{"$oid":"5be3ed5b004e3a14d76568c6"},"guild_id":"500771283974225930","roles":{"VIPs":{"level":"10","remove_role":null}}}
{"_id":{"$oid":"5bec2c55004e3a38a7697cfa"},"guild_id":"510006372423827456","roles":{"VIP":{"level":"10","remove_role":null}}}
{"_id":{"$oid":"5be3ee64004e3a14d76568c7"},"guild_id":"418728849778409472","roles":{"VIP":{"level":"10","remove_role":null}}}
{"_id":{"$oid":"5bec7d42004e3a38a7697d29"},"guild_id":"511224077482983454","roles":{"Poručík":{"level":"7","remove_role":null}}}
{"_id":{"$oid":"5bec600c004e3a38a7697d19"},"guild_id":"470342090547789825","roles":{"Known-person-L10":{"level":"10","remove_role":null},"Active-person-L20":{"level":"20","remove_role":null},"Active-person-L30":{"level":"30","remove_role":null},"Active-person-L40":{"level":"40","remove_role":null},"Active-person-L50":{"level":"50","remove_role":null}}}
{"_id":{"$oid":"5bf170e7004e3a38a7697f7f"},"guild_id":"393853225192914944","roles":{"Level 5 {Noob}":{"level":"5","remove_role":null},"Level 10 {Pro-ish}":{"level":"10","remove_role":null},"Level 15 {Pro}":{"level":"15","remove_role":null},"Level 20 {woah}":{"level":"20","remove_role":null}}}
{"_id":{"$oid":"5bfb6753004e3a499f28b78f"},"guild_id":"331812535907123200","roles":{"Trusted":{"level":"10","remove_role":null},"OG Lads":{"level":"25","remove_role":null}}}
{"_id":{"$oid":"5bf50c30004e3a499f28b44c"},"guild_id":"514703938487058432","roles":{"mangozjebik":{"level":"0","remove_role":null},"VIP":{"level":"10","remove_role":null},"SuperVIP":{"level":"20","remove_role":null},"A":{"level":"40","remove_role":null},"B":{"level":"30","remove_role":null}}}
{"_id":{"$oid":"5c043407004e3a499f28bb94"},"guild_id":"446745542740148244","roles":{"blargrole":{"level":"1","remove_role":null}}}
{"_id":{"$oid":"5bfb9143004e3a499f28b79d"},"guild_id":"330432627649544202","roles":{"Chaos Insurgency - Level 20":{"level":"20","remove_role":"Class-D Personnel - Level 10"},"Safe SCP - Level 30":{"level":"30","remove_role":"Chaos Insurgency - Level 20"},"[REDACTED] - Level 100":{"level":"100","remove_role":"Keter SCP - Level 75"},"Class-D Personnel - Level 10":{"level":"10","remove_role":"Member - Level 0"},"Euclid SCP - Level 40":{"level":"40","remove_role":"Safe SCP - Level 30"},"Keter SCP - Level 50":{"level":"50","remove_role":"Euclid SCP - Level 40"},"Apollyon SCP - Level 75":{"level":"75","remove_role":"Keter SCP - Level 50"}}}
{"_id":{"$oid":"5c054dcc004e3a499f28bc27"},"guild_id":"403155047527088129","roles":{"D-Class":{"level":"2","remove_role":null},"Scientist":{"level":"8","remove_role":null},"Zone Manager":{"level":"20","remove_role":"Scientist"},"Facility Manager":{"level":"28","remove_role":"Zone Manager"},"05 Council":{"level":"50","remove_role":"Facility Manager"}}}
{"_id":{"$oid":"5c06e5c6004e3a499f28bd34"},"guild_id":"519605271799005211","roles":{"VIP":{"level":"10","remove_role":null},"MVP":{"level":"20","remove_role":null},"MVP+":{"level":"30","remove_role":null},"LEGEND":{"level":"40","remove_role":null}}}
{"_id":{"$oid":"5c2722ef004e3a499f28ce1f"},"guild_id":"480287191860510733","roles":{"Janitor - Slightly Active":{"level":"5","remove_role":"D-Boi - New Member"},"Scientist - Active":{"level":"10","remove_role":"Janitor - Slightly Active"},"NTF Guard - Very Active":{"level":"15","remove_role":"Scientist - Active"},"Scp Grave Loyals - Most Active":{"level":"20","remove_role":"NTF Guard - Very Active"}}}
{"_id":{"$oid":"5c48f3a9f75ecc77366632ba"},"guild_id":"221250696002011137","roles":{"Janitor":{"level":"5","remove_role":null}}}
{"_id":{"$oid":"5c4b7b95f75ecc568a24fa59"},"guild_id":"499846665163767808","roles":{"Major_Scientists":{"level":"10","remove_role":null}}}
{"_id":{"$oid":"5c6ee922f75ecc23fa687089"},"guild_id":"454465793724514306","roles":{"Level 5":{"level":"5","remove_role":"test"},"Level 10":{"level":"10","remove_role":"Level 5"},"Level 15":{"level":"15","remove_role":"Level 10"}}}
{"_id":{"$oid":"5c7c1575f75ecc4bc22484b8"},"guild_id":"550983507728662538","roles":{"Pro-Member":{"level":"20","remove_role":null}}}
{"_id":{"$oid":"5c8088d5f75ecc4bc22488a8"},"guild_id":"463747473173643270","roles":{"Experienced":{"level":"20","remove_role":null}}}
{"_id":{"$oid":"5c96cac0f75ecc4cb447bb6f"},"guild_id":"407589485602144257","roles":{"Guest":{"level":"10","remove_role":null},"Active":{"level":"10","remove_role":null}}}
{"_id":{"$oid":"5c979987f75ecc4cb447bc4f"},"guild_id":"543912692784824320","roles":{"Testers":{"level":"1","remove_role":null}}}
{"_id":{"$oid":"5c9a8345f75ecc29068ad19a"},"guild_id":"560059935178883073","roles":{"dio":{"level":"50","remove_role":null},"Level40":{"level":"40","remove_role":null},"Level30":{"level":"30","remove_role":null},"Level20":{"level":"20","remove_role":null},"Level10":{"level":"10","remove_role":null},"Level5":{"level":"5","remove_role":null}}}
{"_id":{"$oid":"5ca05b14f75ecc20672c7246"},"guild_id":"554983351312711720","roles":{"D-Class":{"level":"0","remove_role":null},"Scientist":{"level":"10","remove_role":null},"MTF":{"level":"15","remove_role":null}}}
{"_id":{"$oid":"5c624d9af75ecc62a5dc2807"},"guild_id":"478381106798788639","roles":{"Janitor":{"level":"3","remove_role":"D-Class"},"Facility Guard":{"level":"9","remove_role":"Security Officer"},"Scientist":{"level":"15","remove_role":"Researcher"},"Major Scientist":{"level":"20","remove_role":"Scientist"},"Security Officer":{"level":"6","remove_role":"Janitor"},"Researcher":{"level":"12","remove_role":"Facility Guard"},"Field Agent":{"level":"25","remove_role":"Major Scientist"},"Tactical Response Officer":{"level":"30","remove_role":"Field Agent"},"MTF Cadet":{"level":"35","remove_role":"Tactical Response Officer"},"MTF Lieutenant":{"level":"40","remove_role":"MTF Cadet"},"MTF Commander":{"level":"45","remove_role":"MTF Lieutenant"},"Mobile Task Force Operative":{"level":"50","remove_role":"MTF Commander"},"MTF Epsilon 11":{"level":"60","remove_role":"Mobile Task Force Operative"},"Safe":{"level":"70","remove_role":"MTF Epsilon 11"},"Euclid":{"level":"80","remove_role":"Safe"},"Keter":{"level":"90","remove_role":"Euclid"},"Thaumiel":{"level":"100","remove_role":"Keter"}}}
{"_id":{"$oid":"5ca614b0f75ecc44664d3551"},"guild_id":"563363703085465601","roles":{"LVL10":{"level":"10","remove_role":null},"LVL20":{"level":"20","remove_role":null},"LVL30":{"level":"30","remove_role":null},"LVL40":{"level":"40","remove_role":null}}}
{"_id":{"$oid":"5cb37c4df75ecc7adc861d70"},"guild_id":"533349670274072586","roles":{"Level[FIVE]Slightly-Active":{"level":"5","remove_role":null},"Level[TEN]Active":{"level":"10","remove_role":null},"Level[FIFTEEN]Very-Active":{"level":"15","remove_role":null},"Level[TWENTY]Extremely-Active":{"level":"20","remove_role":null}}}
{"_id":{"$oid":"5cb0ccf1f75ecc5d06d50f19"},"guild_id":"565028117391998976","roles":{"Decently Active":{"level":"5","remove_role":null},"Active":{"level":"11","remove_role":null},"Very Active":{"level":"19","remove_role":null}}}
{"_id":{"$oid":"5cbd095af75ecc55c7237182"},"guild_id":"569664569916653617","roles":{"150":{"level":"150","remove_role":null},"100":{"level":"100","remove_role":null},"75":{"level":"75","remove_role":null},"50":{"level":"50","remove_role":null},"25":{"level":"25","remove_role":null},"15":{"level":"15","remove_role":null},"10":{"level":"10","remove_role":null},"5":{"level":"5","remove_role":null}}}
{"_id":{"$oid":"5cc3f178f75ecc70b35faaef"},"guild_id":"566769300833173534","roles":{"Decently Active":{"level":"5","remove_role":null},"Active":{"level":"13","remove_role":null},"Very Active":{"level":"20","remove_role":null},"Even More Active":{"level":"30","remove_role":null}}}
{"_id":{"$oid":"5cc53869f75ecc2b9e2aa513"},"guild_id":"327871752992718851","roles":{"hey":{"level":"1","remove_role":null},"YoYo":{"level":"2","remove_role":null},"hey hey":{"level":"1","remove_role":null}}}
{"_id":{"$oid":"5cd166cff75ecc0e85db6c40"},"guild_id":"553930430584455169","roles":{"Level 1 Clearance":{"level":"10","remove_role":null},"Level 2 Clearance":{"level":"20","remove_role":null},"Level 3 Clearance":{"level":"30","remove_role":null},"Level 4 Clearance":{"level":"40","remove_role":null},"Level 5 Clearance":{"level":"50","remove_role":null},"Omni Clearance":{"level":"100","remove_role":null}}}
{"_id":{"$oid":"5cc5e54bf75ecc7bdd4a2d4e"},"guild_id":"327785258194042890","roles":{"Członek":{"level":"5","remove_role":null},"Znany":{"level":"10","remove_role":"Członek"}}}
{"_id":{"$oid":"5cd6552ff75ecc3b339ef387"},"guild_id":"576604457467379761","roles":{"Decently Active - Level 10":{"level":"10","remove_role":null},"Active - Level 20":{"level":"20","remove_role":null},"Very Active - Level 30":{"level":"30","remove_role":null},"Even More Active - Level 45":{"level":"45","remove_role":null}}}
{"_id":{"$oid":"5ce1d201f75ecc695ae21e0c"},"guild_id":"566511261941235730","roles":{"Infantry":{"level":"5","remove_role":null}}}
{"_id":{"$oid":"5cdc9b46f75ecc34404d3fd1"},"guild_id":"523600682906026024","roles":{"Test":{"level":"1","remove_role":null}}}
{"_id":{"$oid":"5d098b2af75ecc56440eb652"},"guild_id":"590564103525892168","roles":{"Lv 10+":{"level":"10","remove_role":"Lv 5"}}}
{"_id":{"$oid":"5d088081f75ecc5ba675f9a9"},"guild_id":"583526052563910686","roles":{"Scientist":{"level":"10","remove_role":null},"MTF Cadet":{"level":"20","remove_role":null},"Facility Guard":{"level":"15","remove_role":null},"MTF Lieutenant":{"level":"30","remove_role":null},"MTF Commander":{"level":"50","remove_role":null},"Janitor":{"level":"5","remove_role":null},"D-Class Personnel":{"level":"2","remove_role":null}}}
{"_id":{"$oid":"5d0f56a2f75ecc0f93509e5c"},"guild_id":"589050524444262400","roles":{"Level 1":{"level":"2","remove_role":null},"Level 2":{"level":"4","remove_role":"Level 1"},"Level 3":{"level":"7","remove_role":"Level 2"},"Level 4":{"level":"10","remove_role":"Level 3"},"Level 5":{"level":"15","remove_role":"Level 4"},"Level 6":{"level":"20","remove_role":"Level 5"},"Level 7":{"level":"30","remove_role":"Level 6"},"Level 8":{"level":"40","remove_role":"Level 7"},"Level 9":{"level":"60","remove_role":"Level 8"}}}
{"_id":{"$oid":"5d2318fbf75ecc2e42003baa"},"guild_id":"574951870292951040","roles":{"Уровень 1":{"level":"2","remove_role":null},"Уровень 2":{"level":"3","remove_role":"Уровень 1"},"Уровень 3":{"level":"5","remove_role":"Уровень 2"},"Уровень 4":{"level":"7","remove_role":"Уровень 3"},"Уровень 5":{"level":"10","remove_role":"Уровень 4"},"Уровень 6":{"level":"13","remove_role":"Уровень 5"},"Уровень 7":{"level":"15","remove_role":"Уровень 6"},"Уровень 8":{"level":"17","remove_role":"Уровень 7"},"Уровень 9":{"level":"20","remove_role":"Уровень 8"}}}
{"_id":{"$oid":"5d1165e4f75ecc0f9350a065"},"guild_id":"559196598433873931","roles":{"puppers":{"level":"10","remove_role":null},"lone wolves":{"level":"20","remove_role":null},"guard wolves":{"level":"50","remove_role":null},"the alpha and omega":{"level":"9001","remove_role":null},"Starter":{"level":"1","remove_role":null},"Advanced":{"level":"10","remove_role":null},"Good boi":{"level":"30","remove_role":null},"puppers (lvl 10-29)":{"level":"10","remove_role":null},"lone wolves (lvl 30-#)":{"level":"30","remove_role":null}}}
{"_id":{"$oid":"5d30b78ef75ecc752be02885"},"guild_id":"601426889067986954","roles":{"Private I":{"level":"1","remove_role":null},"Private II":{"level":"10","remove_role":null},"Private First Class":{"level":"20","remove_role":null},"Specialist":{"level":"30","remove_role":null},"Corporal":{"level":"40","remove_role":null}}}
{"_id":{"$oid":"5d2fc3bef75ecc752be027ab"},"guild_id":"595413979090649100","roles":{"Basic Gamers":{"level":"5","remove_role":null},"Pro Gamers":{"level":"15","remove_role":null},"Elite Gamers":{"level":"25","remove_role":null},"Top Tier Gamers":{"level":"35","remove_role":null}}}
{"_id":{"$oid":"5d3dd4fdf75ecc1f07754ac9"},"guild_id":"605054819928899599","roles":{"Фабрика - Уровень 1":{"level":"3","remove_role":null},"Длань Змея - Уровень 2":{"level":"7","remove_role":"Фабрика - Уровень 1"},"Повстанцы Хаоса - Уровень 3":{"level":"10","remove_role":"Длань Змея - Уровень 2"},"Доктор Развлечудов - Уровень 4":{"level":"15","remove_role":"Повстанцы Хаоса - Уровень 3"},"Пятая церковь - Уровень 5":{"level":"20","remove_role":"Доктор Развлечудов - Уровень 4"}}}
{"_id":{"$oid":"5d46bcc3f75ecc24538ff41c"},"guild_id":"606859702831284255","roles":{"D-Class":{"level":"0","remove_role":null},"Janitor":{"level":"1","remove_role":null},"Scientist":{"level":"3","remove_role":null},"Major Scientist":{"level":"5","remove_role":null},"Facility Guard":{"level":"7","remove_role":null},"NTF-Cadet":{"level":"9","remove_role":null},"NTF-Lieutenant":{"level":"11","remove_role":null},"NTF-Commander":{"level":"13","remove_role":null},"Chaos Insurgency":{"level":"15","remove_role":null},"Safe Class SCP":{"level":"17","remove_role":null},"Euclid Class SCP":{"level":"19","remove_role":null},"Keter Class SCP":{"level":"21","remove_role":null},"Thaumiel Class SCP":{"level":"23","remove_role":null},"Apollyon Class SCP":{"level":"25","remove_role":null}}}
{"_id":{"$oid":"5d534e38f75ecc053810c945"},"guild_id":"465155747366567936","roles":{"Regular":{"level":"10000","remove_role":null},"Distinguished":{"level":"10000","remove_role":null},"Superior":{"level":"10000","remove_role":null},"[Redacted]":{"level":"10000","remove_role":null},"Redacted Staff":{"level":"10000","remove_role":null}}}
{"_id":{"$oid":"5d3ddddef75ecc1f07754adf"},"guild_id":"604357209031442442","roles":{"Lvl 1":{"level":"1","remove_role":null},"Lvl 2":{"level":"2","remove_role":"Lvl 1"},"Lvl 3":{"level":"3","remove_role":"Lvl 2"},"Lvl 4":{"level":"4","remove_role":"Lvl 3"},"Lvl 5":{"level":"5","remove_role":"Lvl 4"},"Lvl 6":{"level":"6","remove_role":"Lvl 5"},"Lvl 7":{"level":"7","remove_role":"Lvl 6"},"Lvl 8":{"level":"8","remove_role":"Lvl 7"},"Lvl 9":{"level":"9","remove_role":"Lvl 8"},"Lvl 10":{"level":"10","remove_role":"Lvl 9"},"Lvl 11":{"level":"11","remove_role":"Lvl 10"},"Lvl 12":{"level":"12","remove_role":"Lvl 11"},"Lvl 13":{"level":"13","remove_role":"Lvl 12"},"Lvl 14":{"level":"14","remove_role":"Lvl 13"},"Lvl 15":{"level":"15","remove_role":"Lvl 14"},"Lvl 16":{"level":"16","remove_role":"Lvl 15"},"Lvl 17":{"level":"17","remove_role":"Lvl 16"},"Lvl 18":{"level":"18","remove_role":"Lvl 17"},"Lvl 19":{"level":"19","remove_role":"Lvl 18"},"Lvl 20":{"level":"20","remove_role":"Lvl 19"},"Lvl 21":{"level":"21","remove_role":"Lvl 20"},"Lvl 22":{"level":"22","remove_role":"Lvl 21"},"Lvl 23":{"level":"23","remove_role":"Lvl 22"},"Lvl 24":{"level":"24","remove_role":"Lvl 23"},"Lvl 25":{"level":"25","remove_role":"Lvl 24"},"Lvl 26":{"level":"26","remove_role":"Lvl 25"},"Lvl 27":{"level":"27","remove_role":"Lvl 26"},"Lvl 28":{"level":"28","remove_role":"Lvl 27"},"Lvl 29":{"level":"29","remove_role":"Lvl 28"},"Lvl 30":{"level":"30","remove_role":"Lvl 29"},"Level 1":{"level":"1","remove_role":null}}}
{"_id":{"$oid":"5d7929f6f75ecc4af6ffe144"},"guild_id":"621375320301371393","roles":{"Coal":{"level":"1","remove_role":null},"Iron":{"level":"3","remove_role":null},"Lapis":{"level":"5","remove_role":null},"Gold":{"level":"7","remove_role":null},"Emerald":{"level":"9","remove_role":null},"Diamond":{"level":"12","remove_role":null}}}
{"_id":{"$oid":"5d85180ff75ecc3dc97010a3"},"guild_id":"623978742200664084","roles":{"Level 10 Rookie":{"level":"10","remove_role":"Pleb"},"Level 20 Crook":{"level":"20","remove_role":"Level 10 Rookie"},"Level 30 Mafia Boss":{"level":"30","remove_role":"Level 20 Crook"},"Level 40 Mafia Boss":{"level":"40","remove_role":"Level 30 Mafia Boss"},"Level 50 epic guy":{"level":"50","remove_role":"Level 40 Mafia Boss"},"Level 60 Legend":{"level":"60","remove_role":"Level 50 epic guy"},"Level 70 Egg":{"level":"70","remove_role":"Level 60 Legend"},"Level 80 SCP":{"level":"80","remove_role":"Level 70 Egg"},"Level 100 Mexican Mafia Boss":{"level":"100","remove_role":"Level 80 SCP"},"Pleb":{"level":"1","remove_role":null}}}
{"_id":{"$oid":"5d857738f75ecc3dc97010db"},"guild_id":"587132940077760554","roles":{"Object Class: Neutralized":{"level":"5","remove_role":null},"Object Class: Safe":{"level":"15","remove_role":"Object Class: Neutralized"},"Object Class: Euclid":{"level":"30","remove_role":"Object Class: Safe"},"Object Class: Keter":{"level":"45","remove_role":"Object Class: Euclid"},"Object Class: Thaumiel":{"level":"60","remove_role":"Object Class: Keter"},"Object Class: Unknown":{"level":"70","remove_role":"Object Class: Thaumiel"},"Object Class: Apollyon":{"level":"80","remove_role":"Object Class: Unknown"}}}
{"_id":{"$oid":"5dc41c71f75ecc6829e148e3"},"guild_id":"639438294350037006","roles":{"Level 20 / Snake":{"level":"20","remove_role":"Level 10 / Nerd"},"Level 30 / Potato Salad":{"level":"30","remove_role":"Level 20 / Snake"},"Level 50 / N-Word":{"level":"50","remove_role":"Level 40 / Demonic"},"Level 10 / Nerd":{"level":"10","remove_role":null},"Level 40 / Demonic":{"level":"40","remove_role":"Level 30 / Potato Salad"}}}
{"_id":{"$oid":"5d964142f75ecc3908923a9e"},"guild_id":"621233752265457667","roles":{"Janitor":{"level":"5","remove_role":null},"Scientist":{"level":"10","remove_role":null},"Facility Guard":{"level":"15","remove_role":null},"Chaos Insurgency":{"level":"20","remove_role":null},"SCP Subject":{"level":"25","remove_role":null},"MTF Epsilon-11":{"level":"30","remove_role":null},"MTF Alpha-1":{"level":"35","remove_role":null},"Loyal Fourcaster":{"level":"50","remove_role":null}}}
{"_id":{"$oid":"5dd701d9f75ecc4084e127e3"},"guild_id":"601878131103498241","roles":{}}
{"_id":{"$oid":"5e02088ef75ecc4084e153ea"},"guild_id":"631906280268890142","roles":{"5-Starter":{"level":"5","remove_role":null},"10-Community Member":{"level":"10","remove_role":null},"20-Active Community Member":{"level":"20","remove_role":null},"35-Known Member":{"level":"35","remove_role":null},"50-Reliable Member":{"level":"50","remove_role":null}}}
{"_id":{"$oid":"5dd17765f75ecc097a53d561"},"guild_id":"554341601758150656","roles":{"Unusual Incidents Unit - level 10":{"level":"10","remove_role":null},"Horizon Initiative - level 20":{"level":"20","remove_role":"Unusual Incidents Unit - level 10"},"Serpent's Hand - level 30":{"level":"30","remove_role":"Horizon Initiative - level 20"},"Global Occult Coalition - level 40":{"level":"40","remove_role":"Serpent's Hand - level 30"},"Chaos Insurgency - level 50":{"level":"50","remove_role":"Global Occult Coalition - level 40"},"Safe Class Scp - level 60":{"level":"60","remove_role":"Chaos Insurgency - level 50"},"Euclid Class Scp - level 70":{"level":"70","remove_role":"Safe Class Scp - level 60"},"Keter Class Scp - level 80":{"level":"80","remove_role":"Euclid Class Scp - level 70"},"Thaumiel Class Scp - level 90":{"level":"90","remove_role":"Keter Class Scp - level 80"},"Apollyon Class Scp - level 100":{"level":"100","remove_role":"Thaumiel Class Scp - level 90"}}}
{"_id":{"$oid":"5e13ace1f75ecc4084e1648e"},"guild_id":"509522750881398799","roles":{"janitor-5":{"level":"5","remove_role":null},"nurse-10":{"level":"10","remove_role":null},"doctor-15":{"level":"15","remove_role":null},"[REDACTED]-20":{"level":"20","remove_role":null}}}
{"_id":{"$oid":"5e2a8e79f75ecc4084e17629"},"guild_id":"628234851757064193","roles":{"Researcher - Level 10":{"level":"10","remove_role":null},"Security Officer - Level 20":{"level":"20","remove_role":null},"Tactical Response Officer - Level 30":{"level":"30","remove_role":null},"Field Agent - Level 40":{"level":"40","remove_role":null},"Mobile Task Force Operative - Level 50":{"level":"50","remove_role":null},"Euclid Class - Level 60":{"level":"60","remove_role":null},"Keter Class - Level 70":{"level":"70","remove_role":null},"Thaumiel Class - Level 80":{"level":"80","remove_role":null},"Archon Class - Level 90":{"level":"90","remove_role":null},"REDACTED - Level 100":{"level":"100","remove_role":null}}}
{"_id":{"$oid":"5e371e12f75ecc4084e18198"},"guild_id":"623550051528212481","roles":{"SuperPlayer":{"level":"25","remove_role":null}}}
{"_id":{"$oid":"5e7e644bf75ecc261abeec3d"},"server_id":"403155047527088129","roles":{"D-Class":{"level":"2","remove_role":null},"Scientist":{"level":"8","remove_role":null},"Zone Manager":{"level":"20","remove_role":"Scientist"},"Facility Manager":{"level":"28","remove_role":"Zone Manager"},"05 Council":{"level":"50","remove_role":"Facility Manager"},"Look ma, i made it to 100":{"level":"100","remove_role":"05 Council"},"Mature General Access":{"level":"10","remove_role":null},"Serious General Access":{"level":"10","remove_role":null}}}
{"_id":{"$oid":"5e7fd33cf75ecc261abeee19"},"server_id":"639438294350037006","roles":{"Knight / 20":{"level":"20","remove_role":null},"Gladiator / 40":{"level":"40","remove_role":"Knight / 20"},"Crowned / 60":{"level":"60","remove_role":"Gladiator / 40"},"Emperor / 80":{"level":"80","remove_role":"Crowned / 60"},"Overlord / 100":{"level":"100","remove_role":"Emperor / 80"}}}
{"_id":{"$oid":"5e8899d1f75ecc261abef9e3"},"server_id":"554341601758150656","roles":{"Unusual Incidents Unit - level 10":{"level":"10","remove_role":"Facility member - level 0"},"Serpent's Hand - level 30":{"level":"30","remove_role":"Horizon Initiative - level 20"},"Horizon Initiative - level 20":{"level":"20","remove_role":"Unusual Incidents Unit - level 10"},"Global Occult Coalition - level 40":{"level":"40","remove_role":"Serpent's Hand - level 30"},"Chaos Insurgency - level 50":{"level":"50","remove_role":"Global Occult Coalition - level 40"},"Safe Class Scp - level 60":{"level":"60","remove_role":"Chaos Insurgency - level 50"},"Euclid Class Scp - level 70":{"level":"70","remove_role":"Safe Class Scp - level 60"},"Keter Class Scp - level 80":{"level":"80","remove_role":"Euclid Class Scp - level 70"},"Thaumiel Class Scp - level 90":{"level":"90","remove_role":"Keter Class Scp - level 80"},"Apollyon Class Scp - level 100":{"level":"100","remove_role":"Thaumiel Class Scp - level 90"}}}
{"_id":{"$oid":"5e8320e6f75ecc261abef27b"},"server_id":"631906280268890142","roles":{"5-Starter":{"level":"5","remove_role":null},"10-Community Member":{"level":"10","remove_role":"5-Starter"},"20-Active Community Member":{"level":"20","remove_role":"10-Community Member"},"35-Known Member":{"level":"35","remove_role":"20-Active Community Member"},"50-Reliable Member":{"level":"50","remove_role":"35-Known Member"}}}
{"_id":{"$oid":"5ec07609f75ecc39c92396d4"},"server_id":"711332580183769129","roles":{"Whitename":{"level":"0","remove_role":null},"Greenie":{"level":"5","remove_role":"Whitename"},"Dead":{"level":"999","remove_role":null},"Greener":{"level":"10","remove_role":"Greenie"},"More Green":{"level":"15","remove_role":"Greener Noob"}}}
{"_id":{"$oid":"5eb4703ef75ecc1774793633"},"server_id":"518370351055503360","roles":{"Member LVL 1":{"level":"1","remove_role":null},"Member LVL 2":{"level":"5","remove_role":"Member LVL 1"},"Member LVL 3":{"level":"10","remove_role":"Member LVL 2"},"Member LVL 4":{"level":"15","remove_role":"Member LVL 3"},"Member ⪢LVL 5⪡":{"level":"20","remove_role":"Member LVL 4"},"Member ⮞LVL 6⮜":{"level":"30","remove_role":"Member ⪢LVL 5⪡"},"Member ⮚LVL 7⮘":{"level":"40","remove_role":"Member ⮞LVL 6⮜"},"Member ⫸LVL 8⫷":{"level":"50","remove_role":"Member ⮚LVL 7⮘"},"Member ⫸LVL 9⫷":{"level":"60","remove_role":"Member ⫸LVL 8⫷"},"Member ⫸LVL 10⫷":{"level":"70","remove_role":"Member ⫸LVL 9⫷"},"Member ⬖LVL 11⬗":{"level":"80","remove_role":"Member ⫸LVL 10⫷"},"Member ⬖LVL 12⬗":{"level":"90","remove_role":"Member ⬖LVL 11⬗"},"Member ⯌LVL 13⯌":{"level":"100","remove_role":"Member ⬖LVL 12⬗"},"Member ⯌LVL 14⯌":{"level":"105","remove_role":"Member ⯌LVL 13⯌"},"Member ⯎LVL 15⯎":{"level":"110","remove_role":"Member ⯌LVL 14⯌"},"Member ⯎LVL 16⯎":{"level":"115","remove_role":"Member ⯎LVL 15⯎"},"Member ⭗LVL 17⭗":{"level":"120","remove_role":"Member ⯎LVL 16⯎"},"Member ⛒LVL 18⛒":{"level":"125","remove_role":"Member ⭗LVL 17⭗"},"Member ⨷LVL 19⨷":{"level":"130","remove_role":"Member ⛒LVL 18⛒"},"Member ⛓LVL 20⛓":{"level":"135","remove_role":"Member ⨷LVL 19⨷"}}}
{"_id":{"$oid":"5ec93e39f75ecc10ac6ee23c"},"server_id":"712490427722498148","roles":{"Gameing":{"level":"0","remove_role":null}}}
{"_id":{"$oid":"5ee7dcb145d5a2fb9f33a8b4"},"server_id":"707694375043465227","roles":{"Level 5":{"level":"5","remove_role":null},"Burger - Level 0":{"level":"0","remove_role":null},"Klasse-D Personeel - Level 5":{"level":"5","remove_role":null}}}
{"_id":{"$oid":"5eec46589f9f784d952d402d"},"server_id":"692827389595484280","roles":{"Level-5":{"level":"5","remove_role":null},"Level-10":{"level":"10","remove_role":null},"Level-15":{"level":"15","remove_role":null},"Level-20":{"level":"20","remove_role":null},"Level-25":{"level":"25","remove_role":null},"Level-30":{"level":"30","remove_role":null},"Level-1":{"level":"1","remove_role":null}}}
{"_id":{"$oid":"5ef89fa0f04fde0c3c5dbb8e"},"server_id":"726774261423013909","roles":{"[1]Class-D":{"level":"1","remove_role":null},"[5]Janitor":{"level":"5","remove_role":null},"[10]Scientist":{"level":"10","remove_role":null},"[15]":{"level":"15","remove_role":null},"[20]":{"level":"20","remove_role":null},"[30]":{"level":"30","remove_role":null},"[40]":{"level":"40","remove_role":null},"[50]":{"level":"50","remove_role":null}}}
{"_id":{"$oid":"5efa511663adea28ced55db9"},"server_id":"727254299364687912","roles":{"Member - Level 5":{"level":"5","remove_role":"Guest - Level 0"},"Fan - Level 10":{"level":"10","remove_role":"Member - Level 5"},"Epic Fan - Level 20":{"level":"20","remove_role":"Fan - Level 10"},"Stepbro - Level 30":{"level":"30","remove_role":"Epic Fan - Level 20"}}}
{"_id":{"$oid":"5efb4a22ab565db3c59b2dba"},"server_id":"541982596666490904","roles":{"Guest - Level 0":{"level":"0","remove_role":null},"Member - Level 3":{"level":"3","remove_role":"Guest - Level 0"},"Fan - Level 5":{"level":"5","remove_role":"Member - Level 3"},"Epic Fan - Level 10":{"level":"10","remove_role":"Fan - Level 5"},"Stepbro - Level 20":{"level":"20","remove_role":"Epic Fan - Level 10"}}}
{"_id":{"$oid":"5eff1de3c3c5ed2ada5156dc"},"server_id":"432252565372141609","roles":{"XK-class":{"level":"50","remove_role":"Thaumiel"},"Safe":{"level":"2","remove_role":null},"Euclid":{"level":"10","remove_role":null},"Keter":{"level":"20","remove_role":"Euclid"},"Thaumiel":{"level":"30","remove_role":"Keter"}}}
{"_id":{"$oid":"5effbe961817913d562a9168"},"server_id":"728698190278164513","roles":{"Member":{"level":"-1","remove_role":null}}}
{"_id":{"$oid":"5f03611a18be8c2f8ee7235d"},"server_id":"729323241100935189","roles":{"Thaumiel":{"level":"50","remove_role":null},"Ticonderoga":{"level":"75","remove_role":null},"Archon":{"level":"100","remove_role":null},"Keter":{"level":"0","remove_role":null},"Safe":{"level":"25","remove_role":null},"Euclid":{"level":"5","remove_role":null}}}
{"_id":{"$oid":"5f0cbfdb6ff29b41a6a07ff3"},"server_id":"708438229124251719","roles":{"Bronze":{"level":"10","remove_role":null},"Silver":{"level":"25","remove_role":null},"Gold🥇":{"level":"40","remove_role":null}}}
{"_id":{"$oid":"5f1337db6ff29b41a6a085d5"},"server_id":"346850631820115971","roles":{"Why?":{"level":"30","remove_role":"Terran Archdrive Access"},"Muted":{"level":"100","remove_role":"Why?"}}}
{"_id":{"$oid":"5f163d356ff29b41a6a0888e"},"server_id":"714892295593525420","roles":{"PASTRY":{"level":"5","remove_role":null},"COOKIE":{"level":"10","remove_role":null},"MUFFIN":{"level":"20","remove_role":null},"CROISSANT":{"level":"30","remove_role":null},"BAGEL":{"level":"40","remove_role":null},"COFFEE":{"level":"50","remove_role":null},"FRAPPACHINO":{"level":"75","remove_role":null},"ESPRESSO":{"level":"100","remove_role":null}}}
{"_id":{"$oid":"5f18d9a83446f0c33232b293"},"server_id":"498253634468052992","roles":{"SCIENTIST":{"level":"5","remove_role":null},"MAJOR SCIENTIST":{"level":"10","remove_role":null},"GUARD":{"level":"20","remove_role":null},"CONTAINMENT ENGINEER":{"level":"50","remove_role":null},"SERPENT'S HAND":{"level":"100","remove_role":null},"SENIOR GUARD":{"level":"25","remove_role":null},"RESEARCHER":{"level":"15","remove_role":null},"CLASS-D":{"level":"0","remove_role":null},"GLOBAL OCCULT COALITION":{"level":"90","remove_role":null},"HORIZON INITIATIVE":{"level":"80","remove_role":null},"THE FIFTH CHURCH":{"level":"70","remove_role":null},"ENGINEERING CHIEF":{"level":"60","remove_role":null},"CONTAINMENT OPERATIVE":{"level":"40","remove_role":null},"FIELD AGENT":{"level":"30","remove_role":null},"TACTICAL RESPONSE OFFICER":{"level":"35","remove_role":null}}}
{"_id":{"$oid":"5f1c69463446f0c33232b88f"},"server_id":"736276138191486997","roles":{"Общительный Гость":{"level":"10","remove_role":"Гость"}}}
{"_id":{"$oid":"5f22e7622184885c7837f37d"},"server_id":"559678125919698944","roles":{"Chatter":{"level":"5","remove_role":null},"Master":{"level":"15","remove_role":null},"Active":{"level":"10","remove_role":null},"Ultimate":{"level":"25","remove_role":null},"Elite":{"level":"30","remove_role":null},"Boss":{"level":"40","remove_role":null},"King":{"level":"50","remove_role":null},"REDACTED":{"level":"69","remove_role":null}}}
{"_id":{"$oid":"5f26e039b7c2095daf9817ff"},"server_id":"735883343425568860","roles":{"Guest - Level 0":{"level":"0","remove_role":null},"Member - Level 3":{"level":"3","remove_role":null}}}
{"_id":{"$oid":"5f2d1cd23ed4105cf2e79807"},"server_id":"509522750881398799","roles":{"Level2":{"level":"2","remove_role":null},"Level5":{"level":"5","remove_role":"Level2"},"Level10":{"level":"10","remove_role":"Level5"},"Level15":{"level":"15","remove_role":"Level10"},"Level20":{"level":"20","remove_role":"Level15"},"Level40":{"level":"40","remove_role":"Level20"},"Level30":{"level":"30","remove_role":"Level20"}}}
{"_id":{"$oid":"5f2ef1833ed4105cf2e79af4"},"server_id":"741523307731615826","roles":{"JANITOR":{"level":"5","remove_role":null},"SCIENTIST":{"level":"10","remove_role":null},"RESEARCHER":{"level":"15","remove_role":null},"RESEARCH SUPERVISOR":{"level":"20","remove_role":null},"FACILITY GUARD":{"level":"30","remove_role":null},"SENIOR GUARD":{"level":"35","remove_role":null},"EXECUTIVE RESEARCHER":{"level":"25","remove_role":null},"SECURITY CAPTAIN":{"level":"40","remove_role":null},"CONTAINMENT ENGINEER":{"level":"50","remove_role":null},"SERPENTS HAND":{"level":"100","remove_role":null}}}
{"_id":{"$oid":"5f368b9111db4320275fd57a"},"server_id":"717766648303583363","roles":{"Level 3":{"level":"3","remove_role":null},"Level 10":{"level":"10","remove_role":"Level 3"},"Level 20":{"level":"20","remove_role":"Level 10"},"Level 30":{"level":"30","remove_role":"Level 20"},"Level 40":{"level":"40","remove_role":"Level 30"},"Level 50":{"level":"50","remove_role":"Level 40"},"Ranidae Frog - Level 3":{"level":"3","remove_role":null},"Rain Frog - Level 10":{"level":"10","remove_role":"Ranidae Frog - Level 3"},"Tree Frog - Level 20":{"level":"20","remove_role":"Rain Frog - Level 10"},"Goliath Frog - Level 30":{"level":"30","remove_role":"Tree Frog - Level 20"},"Poison Dart Frog - Level 40":{"level":"40","remove_role":"Goliath Frog - Level 30"},"Phyllobates Terribilis - Level 50":{"level":"50","remove_role":"Poison Dart Frog - Level 40"},"Ascended Frog - 75":{"level":"75","remove_role":"Phyllobates Terribilis - Level 50"}}}
{"_id":{"$oid":"5f51306d3109c74309c8de12"},"server_id":"751135586529575043","roles":{"Level 5":{"level":"5","remove_role":null},"Level 10":{"level":"10","remove_role":null},"Level 15":{"level":"15","remove_role":null},"Level 20":{"level":"20","remove_role":null},"Level 25":{"level":"25","remove_role":null},"Level 50":{"level":"50","remove_role":null}}}
{"_id":{"$oid":"5f5c164ef88c562fd3addecb"},"server_id":"733441795874095115","roles":{"Scientist-level 2":{"level":"2","remove_role":null},"Cadet-level 4":{"level":"4","remove_role":null},"lieutenant-level 8":{"level":"8","remove_role":null},"Commander-level 16":{"level":"16","remove_role":null},"LEVEL 32":{"level":"32","remove_role":null},"LEVEL 64":{"level":"64","remove_role":null},"LEVEL 256!!!!!":{"level":"256","remove_role":null},"SCP-035-level 25-":{"level":"25","remove_role":null},"BROOM -Level 10-":{"level":"10","remove_role":null},"Garbage can -Level 0-":{"level":"0","remove_role":null},"Mop -Level 1-":{"level":"1","remove_role":null}}}
{"_id":{"$oid":"5f5fa539f88c562fd3ade51b"},"server_id":"555499837039181824","roles":{"Regular Crewmates":{"level":"5","remove_role":null},"Devoted Crewmates":{"level":"10","remove_role":null},"Known Crewmates":{"level":"15","remove_role":null},"Active Crewmates":{"level":"20","remove_role":null},"Legendary Crewmates":{"level":"30","remove_role":null}}}
{"_id":{"$oid":"5f698df6f9c4e99279eeff89"},"server_id":"699390531519643650","roles":{"C-079 LEVEL 1":{"level":"1","remove_role":null},"EMOTE-FIVE COMMAND":{"level":"9999","remove_role":null},"C-079 LEVEL 2":{"level":"10","remove_role":null},"C-079 LEVEL 3":{"level":"20","remove_role":null},"C-079 LEVEL 4":{"level":"30","remove_role":null},"C-079 LEVEL 5":{"level":"40","remove_role":null},"C-079 LEVEL 6":{"level":"50","remove_role":null},"C-079 LEVEL 7":{"level":"60","remove_role":null},"C-079 LEVEL 8":{"level":"75","remove_role":null},"C-079 LEVEL 9":{"level":"100","remove_role":null}}}
{"_id":{"$oid":"5f6ec608a5a4d136f3e6be7b"},"server_id":"758088112453976165","roles":{"classd":{"level":"1","remove_role":null},"janitor":{"level":"2","remove_role":null},"seniorjanitor":{"level":"3","remove_role":null},"majorjanitor":{"level":"4","remove_role":null},"topjanitor":{"level":"5","remove_role":null},"juniorscientist":{"level":"6","remove_role":null},"scientist":{"level":"7","remove_role":null},"seniorscientist":{"level":"8","remove_role":null},"majorscientist":{"level":"9","remove_role":null},"researchsupervisor":{"level":"10","remove_role":null},"11":{"level":"11","remove_role":null},"12":{"level":"12","remove_role":null},"13":{"level":"13","remove_role":null},"14":{"level":"14","remove_role":null},"15":{"level":"15","remove_role":null},"16":{"level":"16","remove_role":null},"17":{"level":"17","remove_role":null},"18":{"level":"18","remove_role":null},"19":{"level":"19","remove_role":null},"20":{"level":"20","remove_role":null},"administrativestaff":{"level":"21","remove_role":null},"22":{"level":"22","remove_role":null},"Nu-7":{"level":"23","remove_role":null},"Nu-7commander":{"level":"24","remove_role":null},"manager":{"level":"25","remove_role":null}}}
{"_id":{"$oid":"5f78e6e159dc0203c44a6a44"},"server_id":"762050786049654784","roles":{"zombie":{"level":"5","remove_role":null},"zombie_villager":{"level":"10","remove_role":null},"creeper":{"level":"15","remove_role":null},"enderman":{"level":"20","remove_role":null},"pillager":{"level":"25","remove_role":null},"pillager_captain":{"level":"30","remove_role":null},"steve":{"level":"0","remove_role":null}}}
{"_id":{"$oid":"5f7b5b2759dc0203c44a6e7f"},"server_id":"761379672834703370","roles":{"WATER":{"level":"0","remove_role":null}}}
{"_id":{"$oid":"5f84b854e63dd646272ef314"},"server_id":"765084291885301760","roles":{"3":{"level":"3","remove_role":null},"4-6":{"level":"4","remove_role":null},"7-9":{"level":"7","remove_role":null},"10-19":{"level":"10","remove_role":null},"20-29":{"level":"20","remove_role":null},"30-39":{"level":"30","remove_role":null},"40-49":{"level":"40","remove_role":null},"50-74":{"level":"50","remove_role":null},"75-99":{"level":"75","remove_role":null},"100+":{"level":"100","remove_role":null}}}
{"_id":{"$oid":"5f88a0902c416de0430e261f"},"server_id":"672897248748896284","roles":{"lemon scientist":{"level":"2","remove_role":null},"level 2":{"level":"3","remove_role":null},"cool color":{"level":"5","remove_role":null},"ice fairy":{"level":"9","remove_role":null},"uhhh cool name":{"level":"12","remove_role":null},"big dick energy":{"level":"15","remove_role":null},"CLASS-D":{"level":"0","remove_role":null}}}
{"_id":{"$oid":"5f8fab372c416de0430e3244"},"server_id":"754365706241441874","roles":{}}
{"_id":{"$oid":"5f90ba272c416de0430e33f4"},"server_id":"768602366815371285","roles":{"Blue Slime":{"level":"5","remove_role":null},"Purple Slime":{"level":"10","remove_role":null},"Zombie":{"level":"15","remove_role":null},"Rain Zombie":{"level":"20","remove_role":null},"Icey Zombie":{"level":"25","remove_role":null},"Demon Eye":{"level":"30","remove_role":null},"Pinky":{"level":"40","remove_role":null},"King Slime":{"level":"50","remove_role":null},"Eye of Cthulhu":{"level":"60","remove_role":null},"Eater of Worlds":{"level":"65","remove_role":null},"Brain of Cthulhu":{"level":"70","remove_role":null},"B":{"level":"80","remove_role":null},"Sans":{"level":"90","remove_role":null},"big wall":{"level":"100","remove_role":null}}}
{"_id":{"$oid":"5f94c6e43915ba3bc124bc91"},"server_id":"593768858859601922","roles":{"Member":{"level":"1","remove_role":null}}}
{"_id":{"$oid":"5f9742bc9eb7767f881f5f70"},"server_id":"770376302523056171","roles":{"Guest":{"level":"1","remove_role":null},"Gamer":{"level":"5","remove_role":"Member"},"Member":{"level":"2","remove_role":"Guest"},"Ranked":{"level":"5","remove_role":null},"Epic Gamer":{"level":"10","remove_role":"Gamer"},"Distinguished Gamer":{"level":"15","remove_role":"Epic Gamer"}}}
{"_id":{"$oid":"5f99d834d65a13b9ecca8529"},"server_id":"711937538952265828","roles":{"Kinda active":{"level":"5","remove_role":null},"semi-gamer":{"level":"10","remove_role":null},"MEGA GAMER":{"level":"50","remove_role":null},"OMEGA GAMER":{"level":"100","remove_role":null}}}
{"_id":{"$oid":"5f9f18a2d65a13b9ecca8dd6"},"server_id":"772489317234114620","roles":{"Member - Level 3":{"level":"3","remove_role":"Guest - Level 0"},"Epic Member - Level 5":{"level":"5","remove_role":"Member - Level 3"},"Legendary Member - Level 10":{"level":"10","remove_role":"Epic Member - Level 5"}}}
{"_id":{"$oid":"5fa1c1ca8efc204ddcdca5ab"},"server_id":"772970404066230282","roles":{"Regular":{"level":"20","remove_role":null}}}
{"_id":{"$oid":"5fa9a087df996ed6daca95a7"},"server_id":"305446754323791886","roles":{"Level 1":{"level":"1","remove_role":null},"Level 5":{"level":"5","remove_role":null},"Level 10":{"level":"10","remove_role":null},"Level 25":{"level":"25","remove_role":null},"Level 50":{"level":"50","remove_role":null},"Level 100":{"level":"100","remove_role":null}}}
{"_id":{"$oid":"5fb5d354736fbfdfbc8de767"},"server_id":"687875961995132973","roles":{"Level 15 -":{"level":"15","remove_role":null},"Level 25 -":{"level":"25","remove_role":null},"Level 20 -":{"level":"20","remove_role":null},"Level 30 -":{"level":"30","remove_role":null},"Level 40 -":{"level":"40","remove_role":null},"Level 50 -":{"level":"50","remove_role":null},"Level 5 - User":{"level":"5","remove_role":null},"Level 10 - Member":{"level":"10","remove_role":"Level 5 - User"},"Level 15 - Active":{"level":"15","remove_role":"Level 10 - Member"},"Level 20 - Regular":{"level":"20","remove_role":"Level 15 - Active"},"Level 25 - Enthusiast":{"level":"25","remove_role":"Level 20 - Regular"},"Level 30 - Devoted":{"level":"30","remove_role":"Level 25 - Enthusiast"},"Level 40 - Trusted":{"level":"40","remove_role":"Level 30 - Devoted"},"Level 50 - Honorable":{"level":"50","remove_role":"Level 40 - Trusted"}}}
{"_id":{"$oid":"5fb8f2e625b1f10eb291cc8c"},"server_id":"774319960720932934","roles":{"Guest":{"level":"1","remove_role":null},"D-class":{"level":"3","remove_role":null},"Scientist":{"level":"10","remove_role":null},"MajorScientist":{"level":"15","remove_role":null},"MobileTaskForce-Level20":{"level":"20","remove_role":null},"ChaosAgent-Level30":{"level":"30","remove_role":null}}}
{"_id":{"$oid":"5fbb91e425b1f10eb291d1a5"},"server_id":"779998501299683351","roles":{"MatthewWorshipper":{"level":"5","remove_role":null},"MatthewEliteWorshipper":{"level":"10","remove_role":null},"MatthewForceApprentice":{"level":"15","remove_role":null},"MatthewForceCadet":{"level":"20","remove_role":null},"MatthewForceLieutenant":{"level":"25","remove_role":null},"MatthewForceCommander":{"level":"30","remove_role":null},"MatthewAssistant":{"level":"65","remove_role":null},"MatthewSupervisor":{"level":"100","remove_role":null}}}
{"_id":{"$oid":"5fc05dae25b1f10eb291db5c"},"server_id":"781432552761196554","roles":{"4TH PRIORITY":{"level":"25","remove_role":null},"5TH PRIORITY":{"level":"0","remove_role":null},"3RD PRIORITY":{"level":"50","remove_role":null},"2ND PRIORITY":{"level":"75","remove_role":null}}}
{"_id":{"$oid":"5fc5bd41e07902d94d6528dd"},"server_id":"779519199386140683","roles":{"Level-5":{"level":"5","remove_role":null},"Level-10":{"level":"10","remove_role":"Level-5"},"Level-20":{"level":"20","remove_role":"Level-10"},"Level-40":{"level":"40","remove_role":"Level-20"},"Level-60":{"level":"60","remove_role":"Level-40"}}}
